subscription_id,customer_id,plan_tier,mrr_value,start_date,end_date,status,billing_cycle
1,1,Basic,51.92,2025-04-01,2026-06-01,canceled,monthly
2,2,Basic,61.83,2024-11-01,,active,monthly
3,3,Basic,46.54,2024-10-01,2025-07-01,canceled,monthly
4,4,Pro,236.34,2025-03-01,,active,monthly
5,5,Basic,46.08,2025-07-01,,active,monthly
6,6,Basic,43.26,2025-02-01,2026-04-01,canceled,monthly
7,7,Basic,51.98,2025-07-01,,active,monthly
8,8,Pro,192.82,2025-08-01,,active,monthly
9,9,Pro,212.33,2024-11-01,2025-11-01,downgraded,monthly
10,9,Basic,56.56,2025-12-01,2026-07-01,canceled,monthly
11,10,Basic,53.39,2025-06-01,,active,monthly
12,11,Basic,47.86,2026-02-01,,active,monthly
13,12,Enterprise,1023.57,2025-11-01,,active,monthly
14,13,Basic,62.12,2025-01-01,2026-07-01,upgraded,monthly
15,13,Pro,172.62,2026-08-01,2027-08-01,canceled,monthly
16,14,Basic,56.83,2025-10-01,,active,monthly
17,15,Pro,170.79,2025-12-01,,active,monthly
18,16,Enterprise,813.7,2025-09-01,,active,monthly
19,17,Enterprise,949.54,2025-01-01,2026-07-01,canceled,monthly
20,18,Basic,58.27,2025-06-01,2026-08-01,canceled,monthly
21,19,Pro,180.71,2024-11-01,2025-01-01,canceled,monthly
22,20,Basic,63.47,2025-05-01,,active,monthly
23,21,Basic,49.65,2025-03-01,2026-08-01,canceled,monthly
24,22,Enterprise,1077.81,2025-10-01,2026-04-01,canceled,monthly
25,23,Basic,59.68,2025-11-01,2026-04-01,canceled,monthly
26,24,Pro,246.26,2025-11-01,,active,monthly
27,25,Pro,244.41,2025-05-01,2025-07-01,canceled,monthly
28,26,Basic,62.42,2025-06-01,2025-10-01,canceled,monthly
29,27,Basic,49.19,2026-03-01,2026-07-01,canceled,monthly
30,28,Basic,59.83,2025-07-01,2025-10-01,canceled,monthly
31,29,Pro,238.24,2026-01-01,,active,monthly
32,30,Enterprise,1137.16,2025-08-01,,active,monthly
33,31,Basic,48.4,2025-04-01,2025-05-01,canceled,monthly
34,32,Basic,42.39,2025-03-01,,active,monthly
35,33,Pro,225.09,2025-08-01,,active,monthly
36,34,Basic,50.73,2025-08-01,2025-09-01,canceled,monthly
37,35,Basic,53.3,2025-04-01,2026-05-01,canceled,monthly
38,36,Pro,203.52,2025-11-01,,active,monthly
39,37,Enterprise,869.6,2024-12-01,2025-07-01,canceled,monthly
40,38,Pro,229.09,2025-09-01,2026-08-01,canceled,monthly
41,39,Basic,56.94,2025-08-01,,active,monthly
42,40,Basic,52.25,2024-12-01,2025-06-01,canceled,monthly
43,41,Pro,206.38,2025-06-01,,active,monthly
44,42,Basic,53.8,2025-04-01,2025-11-01,canceled,monthly
45,43,Basic,44.61,2025-08-01,,active,monthly
46,44,Pro,222.02,2026-04-01,,active,monthly
47,45,Basic,55.38,2025-10-01,,active,monthly
48,46,Basic,59.92,2025-03-01,2026-03-01,canceled,monthly
49,47,Basic,48.65,2026-02-01,,active,monthly
50,48,Pro,207.07,2026-03-01,,active,monthly
51,49,Basic,41.73,2025-11-01,,active,monthly
52,50,Basic,56.97,2025-07-01,,active,monthly
53,51,Basic,57.82,2025-01-01,2025-05-01,canceled,monthly
54,52,Basic,53.93,2025-04-01,2025-11-01,canceled,monthly
55,53,Pro,195.37,2025-12-01,,active,monthly
56,54,Basic,41.68,2025-09-01,,active,monthly
57,55,Basic,53.7,2025-04-01,,active,monthly
58,56,Pro,234.22,2025-03-01,,active,monthly
59,57,Pro,211.4,2025-11-01,,active,monthly
60,58,Basic,62.99,2025-07-01,2025-10-01,canceled,monthly
61,59,Basic,53.99,2025-06-01,2025-08-01,canceled,monthly
62,60,Pro,178.53,2025-10-01,,active,monthly
63,61,Enterprise,1079.91,2024-10-01,,active,monthly
64,62,Pro,238.43,2025-01-01,2025-09-01,canceled,monthly
65,63,Pro,193.56,2025-08-01,2026-01-01,canceled,monthly
66,64,Basic,42.31,2025-05-01,2025-10-01,canceled,monthly
67,65,Enterprise,911.67,2024-10-01,2025-02-01,canceled,monthly
68,66,Basic,50.0,2025-06-01,,active,monthly
69,67,Basic,50.67,2025-04-01,2025-10-01,canceled,monthly
70,68,Pro,223.0,2025-06-01,2026-01-01,downgraded,monthly
71,68,Basic,63.52,2026-02-01,2026-05-01,canceled,monthly
72,69,Enterprise,943.34,2024-12-01,2025-10-01,downgraded,monthly
73,69,Pro,230.67,2025-11-01,2025-12-01,canceled,monthly
74,70,Basic,50.52,2025-04-01,2025-10-01,canceled,monthly
75,71,Enterprise,962.05,2026-02-01,,active,monthly
76,72,Basic,48.48,2025-11-01,,active,monthly
77,73,Pro,236.14,2025-01-01,2025-05-01,downgraded,monthly
78,73,Basic,47.49,2025-06-01,2025-07-01,canceled,monthly
79,74,Pro,254.0,2025-03-01,2025-09-01,canceled,monthly
80,75,Pro,248.33,2026-05-01,,active,monthly
81,76,Pro,183.72,2025-12-01,,active,monthly
82,77,Pro,254.14,2024-12-01,,active,monthly
83,78,Pro,233.77,2025-04-01,,active,monthly
84,79,Basic,46.63,2025-03-01,,active,monthly
85,80,Pro,239.71,2025-03-01,,active,monthly
86,81,Pro,215.28,2025-10-01,2025-11-01,canceled,monthly
87,82,Basic,52.86,2025-05-01,2025-07-01,canceled,monthly
88,83,Pro,179.4,2025-01-01,2026-08-01,canceled,monthly
89,84,Basic,50.94,2025-09-01,,active,monthly
90,85,Basic,63.58,2025-04-01,2026-05-01,canceled,monthly
91,86,Pro,177.11,2025-10-01,2026-07-01,canceled,monthly
92,87,Basic,62.34,2025-01-01,,active,monthly
93,88,Enterprise,1101.96,2025-01-01,2026-04-01,downgraded,monthly
94,88,Pro,235.66,2026-05-01,2027-01-01,canceled,monthly
95,89,Basic,47.61,2026-03-01,,active,monthly
96,90,Enterprise,929.95,2024-10-01,2025-12-01,canceled,monthly
97,91,Pro,257.04,2025-06-01,,active,monthly
98,92,Basic,61.53,2025-07-01,2026-05-01,canceled,monthly
99,93,Basic,46.17,2025-07-01,,active,monthly
100,94,Pro,230.05,2025-03-01,,active,monthly
101,95,Basic,50.85,2025-07-01,,active,monthly
102,96,Pro,214.4,2025-08-01,2025-12-01,canceled,monthly
103,97,Basic,50.87,2026-02-01,,active,monthly
104,98,Pro,245.53,2024-11-01,2025-04-01,canceled,monthly
105,99,Pro,245.54,2026-04-01,,active,monthly
106,100,Basic,44.69,2025-11-01,,active,monthly
107,101,Basic,54.81,2024-11-01,2025-09-01,canceled,monthly
108,102,Basic,61.37,2025-11-01,2026-04-01,canceled,monthly
109,103,Enterprise,1004.5,2026-03-01,,active,monthly
110,104,Basic,62.81,2025-01-01,2025-06-01,canceled,monthly
111,105,Basic,54.64,2025-06-01,,active,monthly
112,106,Basic,60.42,2025-01-01,,active,monthly
113,107,Basic,50.66,2025-09-01,2026-06-01,canceled,monthly
114,108,Basic,54.15,2026-01-01,,active,monthly
115,109,Basic,46.17,2025-04-01,2025-05-01,canceled,monthly
116,110,Enterprise,915.67,2025-05-01,2026-01-01,canceled,monthly
117,111,Basic,41.78,2025-07-01,,active,monthly
118,112,Basic,50.27,2026-01-01,,active,monthly
119,113,Basic,53.66,2025-02-01,2026-01-01,canceled,monthly
120,114,Pro,246.69,2025-01-01,,active,monthly
121,115,Pro,172.26,2025-06-01,2025-09-01,canceled,monthly
122,116,Pro,253.5,2025-12-01,,active,monthly
123,117,Basic,47.69,2025-10-01,2026-05-01,upgraded,monthly
124,117,Pro,203.41,2026-06-01,,active,monthly
125,118,Enterprise,931.43,2025-07-01,,active,monthly
126,119,Basic,44.71,2024-11-01,2025-09-01,upgraded,monthly
127,119,Pro,192.66,2025-10-01,2027-06-01,canceled,monthly
128,120,Pro,185.74,2025-01-01,2025-02-01,canceled,monthly
129,121,Enterprise,893.63,2025-03-01,,active,monthly
130,122,Basic,52.13,2025-01-01,2026-05-01,canceled,monthly
131,123,Enterprise,882.96,2025-10-01,,active,monthly
132,124,Enterprise,798.0,2025-05-01,,active,monthly
133,125,Basic,42.63,2025-08-01,2025-10-01,canceled,monthly
134,126,Pro,254.22,2024-12-01,2025-05-01,canceled,monthly
135,127,Basic,44.85,2025-02-01,2026-02-01,canceled,monthly
136,128,Pro,179.75,2025-01-01,2025-07-01,canceled,monthly
137,129,Basic,56.85,2025-11-01,2026-01-01,canceled,monthly
138,130,Basic,45.9,2025-07-01,,active,monthly
139,131,Pro,234.35,2025-04-01,2025-09-01,downgraded,monthly
140,131,Basic,55.8,2025-10-01,2026-09-01,canceled,monthly
141,132,Pro,248.56,2025-03-01,2025-10-01,canceled,monthly
142,133,Basic,60.39,2025-06-01,2026-07-01,canceled,monthly
143,134,Enterprise,876.5,2025-10-01,2026-04-01,canceled,monthly
144,135,Basic,48.72,2025-04-01,,active,monthly
145,136,Pro,190.49,2024-12-01,2026-03-01,canceled,monthly
146,137,Basic,44.67,2025-01-01,2025-03-01,canceled,monthly
147,138,Pro,195.06,2025-08-01,,active,monthly
148,139,Basic,62.52,2025-04-01,,active,monthly
149,140,Enterprise,802.61,2025-09-01,2026-04-01,downgraded,monthly
150,140,Basic,55.25,2026-05-01,2026-11-01,canceled,monthly
151,141,Pro,220.18,2025-04-01,,active,monthly
152,142,Pro,187.06,2025-07-01,,active,monthly
153,143,Pro,201.4,2025-07-01,2025-08-01,canceled,monthly
154,144,Basic,42.61,2025-03-01,2026-05-01,canceled,monthly
155,145,Basic,46.45,2025-10-01,2025-12-01,upgraded,monthly
156,145,Pro,195.33,2026-01-01,2026-09-01,canceled,monthly
157,146,Enterprise,894.15,2025-02-01,,active,monthly
158,147,Pro,242.8,2025-08-01,2026-08-01,canceled,monthly
159,148,Pro,206.04,2025-07-01,2026-08-01,canceled,monthly
160,149,Pro,179.75,2025-01-01,,active,monthly
161,150,Basic,57.48,2026-02-01,,active,monthly
162,151,Basic,50.07,2025-09-01,2026-05-01,canceled,monthly
163,152,Enterprise,795.72,2026-02-01,2026-04-01,downgraded,monthly
164,152,Pro,255.09,2026-05-01,,active,monthly
165,153,Basic,44.24,2026-04-01,2026-05-01,canceled,monthly
166,154,Pro,248.13,2024-11-01,2025-03-01,canceled,monthly
167,155,Enterprise,1123.1,2025-04-01,,active,monthly
168,156,Basic,42.26,2025-09-01,2025-11-01,canceled,monthly
169,157,Pro,177.5,2025-01-01,2025-05-01,canceled,monthly
170,158,Basic,56.85,2025-07-01,,active,monthly
171,159,Pro,193.74,2025-02-01,,active,monthly
172,160,Pro,171.58,2025-06-01,,active,monthly
173,161,Basic,62.27,2025-02-01,,active,monthly
174,162,Basic,56.75,2025-10-01,,active,monthly
175,163,Enterprise,1141.15,2025-04-01,,active,monthly
176,164,Pro,217.26,2025-04-01,,active,monthly
177,165,Basic,48.9,2024-10-01,2024-12-01,canceled,monthly
178,166,Basic,59.28,2025-02-01,2026-02-01,upgraded,monthly
179,166,Pro,217.82,2026-03-01,,active,monthly
180,167,Pro,180.27,2025-10-01,,active,monthly
181,168,Basic,51.7,2025-09-01,2025-11-01,upgraded,monthly
182,168,Pro,217.31,2025-12-01,,active,monthly
183,169,Basic,44.76,2025-08-01,2025-10-01,canceled,monthly
184,170,Pro,228.38,2025-11-01,,active,monthly
185,171,Enterprise,1128.26,2025-07-01,,active,monthly
186,172,Basic,46.48,2025-03-01,2025-04-01,canceled,monthly
187,173,Basic,44.65,2025-12-01,,active,monthly
188,174,Basic,53.36,2025-03-01,,active,monthly
189,175,Enterprise,1100.55,2025-01-01,2025-08-01,downgraded,monthly
190,175,Basic,45.2,2025-09-01,2025-09-01,canceled,monthly
191,176,Pro,186.89,2024-10-01,2025-05-01,upgraded,monthly
192,176,Enterprise,850.32,2025-06-01,2026-10-01,canceled,monthly
193,177,Basic,62.82,2025-03-01,,active,monthly
194,178,Pro,182.29,2025-01-01,,active,monthly
195,179,Basic,50.8,2025-07-01,2025-08-01,canceled,monthly
196,180,Pro,211.17,2025-06-01,2026-03-01,canceled,monthly
197,181,Basic,62.15,2024-12-01,2025-06-01,canceled,monthly
198,182,Pro,256.99,2025-09-01,,active,monthly
199,183,Basic,61.46,2025-08-01,,active,monthly
200,184,Pro,233.56,2025-06-01,2025-12-01,canceled,monthly
201,185,Basic,47.64,2025-01-01,2026-01-01,canceled,monthly
202,186,Pro,216.57,2025-03-01,,active,monthly
203,187,Pro,229.21,2025-03-01,,active,monthly
204,188,Basic,61.93,2025-12-01,,active,monthly
205,189,Basic,62.41,2025-08-01,2025-12-01,canceled,monthly
206,190,Basic,60.06,2026-02-01,2026-05-01,upgraded,monthly
207,190,Pro,245.53,2026-06-01,,active,monthly
208,191,Basic,60.02,2025-02-01,2025-07-01,canceled,monthly
209,192,Basic,48.24,2026-02-01,,active,monthly
210,193,Pro,179.61,2025-03-01,,active,monthly
211,194,Basic,63.51,2024-12-01,,active,monthly
212,195,Basic,58.41,2024-12-01,2025-12-01,canceled,monthly
213,196,Basic,54.42,2025-12-01,2026-01-01,canceled,monthly
214,197,Pro,211.05,2025-12-01,,active,monthly
215,198,Basic,47.16,2026-06-01,,active,monthly
216,199,Enterprise,1057.38,2025-05-01,2026-02-01,downgraded,monthly
217,199,Basic,50.88,2026-03-01,2026-10-01,canceled,monthly
218,200,Basic,53.97,2025-03-01,2025-04-01,canceled,monthly
219,201,Pro,238.02,2025-03-01,,active,monthly
220,202,Pro,173.83,2025-02-01,2025-11-01,upgraded,monthly
221,202,Enterprise,825.17,2025-12-01,,active,monthly
222,203,Basic,44.11,2025-05-01,2025-12-01,canceled,monthly
223,204,Pro,227.11,2026-05-01,,active,monthly
224,205,Basic,58.21,2025-07-01,,active,monthly
225,206,Pro,205.5,2025-10-01,,active,monthly
226,207,Pro,240.36,2025-12-01,2026-01-01,canceled,monthly
227,208,Pro,201.04,2025-08-01,,active,monthly
228,209,Pro,243.9,2025-02-01,2026-05-01,canceled,monthly
229,210,Pro,186.68,2025-03-01,,active,monthly
230,211,Pro,244.05,2025-12-01,,active,monthly
231,212,Basic,54.65,2025-04-01,2026-03-01,upgraded,monthly
232,212,Pro,239.61,2026-04-01,2026-07-01,canceled,monthly
233,213,Basic,63.36,2024-12-01,2026-07-01,canceled,monthly
234,214,Enterprise,1004.52,2025-11-01,,active,monthly
235,215,Basic,60.05,2025-03-01,,active,monthly
236,216,Enterprise,949.74,2025-09-01,2025-11-01,canceled,monthly
237,217,Pro,232.46,2025-07-01,2025-09-01,canceled,monthly
238,218,Basic,52.81,2025-01-01,2025-10-01,canceled,monthly
239,219,Pro,191.58,2024-09-01,2026-05-01,canceled,monthly
240,220,Pro,182.57,2025-07-01,,active,monthly
241,221,Basic,47.08,2025-10-01,2026-03-01,canceled,monthly
242,222,Basic,48.86,2024-12-01,2025-10-01,canceled,monthly
243,223,Basic,50.53,2025-03-01,2026-02-01,canceled,monthly
244,224,Pro,214.4,2024-11-01,2026-05-01,canceled,monthly
245,225,Enterprise,963.9,2025-09-01,,active,monthly
246,226,Pro,256.73,2025-08-01,2026-04-01,canceled,monthly
247,227,Enterprise,865.08,2025-05-01,,active,monthly
248,228,Basic,57.22,2024-12-01,,active,monthly
249,229,Basic,54.76,2026-02-01,2026-07-01,canceled,monthly
250,230,Basic,53.17,2025-04-01,,active,monthly
251,231,Pro,201.8,2026-01-01,,active,monthly
252,232,Pro,252.01,2025-12-01,,active,monthly
253,233,Pro,184.26,2025-12-01,2026-05-01,canceled,monthly
254,234,Pro,185.17,2025-01-01,,active,monthly
255,235,Enterprise,830.53,2025-10-01,2026-06-01,canceled,monthly
256,236,Basic,52.04,2025-02-01,2025-04-01,canceled,monthly
257,237,Pro,207.04,2025-03-01,2026-07-01,canceled,monthly
258,238,Enterprise,872.92,2025-04-01,,active,monthly
259,239,Pro,186.45,2025-08-01,2025-11-01,canceled,monthly
260,240,Enterprise,1126.04,2025-03-01,2025-06-01,downgraded,monthly
261,240,Pro,250.49,2025-07-01,,active,monthly
262,241,Enterprise,1130.78,2025-07-01,,active,monthly
263,242,Pro,247.22,2024-11-01,2025-02-01,canceled,monthly
264,243,Basic,63.22,2025-07-01,2026-01-01,canceled,monthly
265,244,Pro,234.45,2025-08-01,2026-05-01,canceled,monthly
266,245,Basic,59.86,2024-11-01,2025-04-01,canceled,monthly
267,246,Pro,200.27,2025-04-01,2025-12-01,canceled,monthly
268,247,Pro,233.41,2025-06-01,2026-08-01,canceled,monthly
269,248,Enterprise,885.75,2024-12-01,,active,monthly
270,249,Basic,51.06,2025-12-01,,active,monthly
271,250,Basic,48.11,2025-08-01,2025-10-01,canceled,monthly
272,251,Pro,215.22,2025-02-01,2025-06-01,canceled,monthly
273,252,Basic,54.18,2024-12-01,2025-09-01,canceled,monthly
274,253,Basic,52.51,2025-12-01,,active,monthly
275,254,Pro,207.95,2026-04-01,,active,monthly
276,255,Enterprise,926.56,2025-05-01,,active,monthly
277,256,Basic,52.7,2026-01-01,,active,monthly
278,257,Basic,52.05,2025-09-01,,active,monthly
279,258,Basic,43.08,2025-03-01,2025-07-01,canceled,monthly
280,259,Pro,249.05,2025-04-01,,active,monthly
281,260,Pro,216.52,2025-08-01,,active,monthly
282,261,Pro,238.69,2026-03-01,,active,monthly
283,262,Pro,254.14,2025-05-01,2025-08-01,canceled,monthly
284,263,Basic,62.78,2025-02-01,2025-05-01,canceled,monthly
285,264,Basic,0.0,2025-11-01,2026-02-01,canceled,monthly
286,265,Pro,194.29,2025-02-01,,active,monthly
287,266,Basic,49.8,2024-11-01,2024-12-01,canceled,monthly
288,267,Pro,179.88,2025-03-01,2026-03-01,canceled,monthly
289,268,Basic,45.21,2025-05-01,2025-11-01,canceled,monthly
290,269,Pro,204.17,2025-01-01,2025-11-01,canceled,monthly
291,270,Enterprise,1077.87,2026-03-01,,active,monthly
292,271,Basic,44.28,2025-12-01,,active,monthly
293,272,Basic,56.94,2025-12-01,,active,monthly
294,273,Basic,56.69,2025-08-01,,active,monthly
295,274,Pro,254.25,2025-01-01,2026-07-01,canceled,monthly
296,275,Basic,61.26,2026-04-01,2026-05-01,canceled,monthly
297,276,Basic,54.5,2025-12-01,,active,monthly
298,277,Basic,42.79,2025-11-01,,active,monthly
299,278,Basic,44.7,2025-06-01,2025-10-01,canceled,monthly
300,279,Basic,42.18,2025-04-01,,active,monthly
301,280,Basic,46.21,2025-02-01,2025-04-01,canceled,monthly
302,281,Basic,56.39,2025-07-01,2026-04-01,upgraded,monthly
303,281,Pro,200.73,2026-05-01,,active,monthly
304,282,Basic,49.09,2024-10-01,2026-02-01,canceled,monthly
305,283,Enterprise,1162.16,2025-07-01,2026-01-01,downgraded,monthly
306,283,Pro,176.78,2026-02-01,,active,monthly
307,284,Pro,252.4,2026-03-01,,active,monthly
308,285,Enterprise,936.35,2025-08-01,,active,monthly
309,286,Enterprise,784.45,2025-05-01,2025-12-01,downgraded,monthly
310,286,Pro,226.81,2026-01-01,2026-04-01,downgraded,monthly
311,286,Basic,49.89,2026-05-01,2026-07-01,canceled,monthly
312,287,Basic,48.92,2025-10-01,,active,monthly
313,288,Pro,251.8,2025-05-01,2026-07-01,canceled,monthly
314,289,Pro,255.22,2025-02-01,2025-07-01,canceled,monthly
315,290,Basic,57.62,2026-03-01,,active,monthly
316,291,Basic,61.31,2024-11-01,2026-06-01,canceled,monthly
317,292,Basic,43.43,2025-02-01,,active,monthly
318,293,Pro,205.22,2025-11-01,,active,monthly
319,294,Basic,41.96,2025-11-01,,active,monthly
320,295,Basic,63.38,2025-07-01,2026-06-01,canceled,monthly
321,296,Basic,61.46,2025-02-01,,active,monthly
322,297,Enterprise,1029.55,2025-07-01,,active,monthly
323,298,Pro,244.62,2026-04-01,,active,monthly
324,299,Basic,47.58,2025-05-01,2025-09-01,canceled,monthly
325,300,Basic,45.72,2025-03-01,2026-02-01,canceled,monthly
326,301,Enterprise,883.84,2025-02-01,,active,monthly
327,302,Basic,55.64,2024-12-01,2025-06-01,canceled,monthly
328,303,Pro,194.44,2025-12-01,2026-04-01,downgraded,monthly
329,303,Basic,56.57,2026-05-01,,active,monthly
330,304,Pro,241.98,2026-05-01,,active,monthly
331,305,Basic,52.84,2025-05-01,2026-04-01,canceled,monthly
332,306,Pro,248.39,2024-12-01,,active,monthly
333,307,Pro,230.26,2025-08-01,2025-10-01,canceled,monthly
334,308,Enterprise,987.41,2026-05-01,,active,monthly
335,309,Enterprise,843.28,2025-06-01,2025-08-01,downgraded,monthly
336,309,Pro,170.11,2025-09-01,2025-11-01,canceled,monthly
337,310,Basic,55.23,2025-10-01,,active,monthly
338,311,Enterprise,956.81,2025-03-01,,active,monthly
339,312,Basic,48.05,2025-04-01,2025-06-01,canceled,monthly
340,313,Enterprise,1146.25,2026-01-01,2026-04-01,canceled,monthly
341,314,Pro,198.58,2025-01-01,2026-08-01,canceled,monthly
342,315,Basic,42.04,2025-12-01,,active,monthly
343,316,Pro,252.46,2025-02-01,,active,monthly
344,317,Basic,47.6,2025-08-01,2025-11-01,canceled,monthly
345,318,Basic,45.64,2025-02-01,,active,monthly
346,319,Basic,47.02,2025-04-01,2026-05-01,canceled,monthly
347,320,Basic,56.33,2025-03-01,,active,monthly
348,321,Basic,61.62,2025-08-01,,active,monthly
349,322,Basic,55.61,2025-10-01,2025-11-01,canceled,monthly
350,323,Basic,55.84,2024-11-01,,active,monthly
351,324,Basic,59.47,2025-03-01,2025-07-01,canceled,monthly
352,325,Basic,48.88,2025-06-01,,active,monthly
353,326,Basic,41.69,2025-06-01,2026-07-01,canceled,monthly
354,327,Pro,245.0,2025-05-01,2026-04-01,downgraded,monthly
355,327,Basic,46.7,2026-05-01,2026-12-01,canceled,monthly
356,328,Pro,252.13,2025-10-01,2026-02-01,canceled,monthly
357,329,Pro,188.66,2024-10-01,2025-05-01,canceled,monthly
358,330,Pro,221.15,2024-10-01,2026-03-01,canceled,monthly
359,331,Pro,242.2,2026-03-01,,active,monthly
360,332,Basic,54.8,2024-12-01,2025-11-01,canceled,monthly
361,333,Basic,59.25,2025-09-01,,active,monthly
362,334,Basic,47.05,2026-01-01,,active,monthly
363,335,Enterprise,987.32,2025-08-01,,active,monthly
364,336,Basic,58.23,2025-08-01,2025-09-01,canceled,monthly
365,337,Enterprise,837.92,2024-12-01,,active,monthly
366,338,Basic,61.2,2024-11-01,,active,monthly
367,339,Enterprise,1045.56,2024-12-01,,active,monthly
368,340,Enterprise,909.45,2025-04-01,,active,monthly
369,341,Pro,234.22,2025-02-01,2025-04-01,canceled,monthly
370,342,Pro,188.15,2024-12-01,2026-06-01,downgraded,monthly
371,342,Basic,63.09,2026-07-01,,active,monthly
372,343,Pro,223.82,2025-07-01,2026-08-01,canceled,monthly
373,344,Enterprise,981.59,2025-08-01,,active,monthly
374,345,Basic,62.83,2025-10-01,,active,monthly
375,346,Enterprise,989.76,2025-11-01,2026-06-01,canceled,monthly
376,347,Pro,170.32,2026-02-01,,active,monthly
377,348,Basic,42.08,2026-02-01,,active,monthly
378,349,Basic,57.11,2025-12-01,2026-01-01,canceled,monthly
379,350,Pro,172.04,2026-01-01,2026-07-01,canceled,monthly
380,351,Basic,53.98,2025-11-01,,active,monthly
381,352,Pro,245.32,2026-04-01,2026-05-01,canceled,monthly
382,353,Basic,52.78,2025-01-01,,active,monthly
383,354,Enterprise,1084.96,2025-09-01,,active,monthly
384,355,Pro,232.54,2025-03-01,2025-08-01,downgraded,monthly
385,355,Basic,43.95,2025-09-01,2026-08-01,canceled,monthly
386,356,Basic,53.13,2025-01-01,2025-09-01,canceled,monthly
387,357,Pro,200.59,2025-09-01,,active,monthly
388,358,Basic,42.06,2025-06-01,2025-09-01,canceled,monthly
389,359,Pro,227.07,2025-04-01,2025-10-01,canceled,monthly
390,360,Basic,48.17,2025-03-01,,active,monthly
391,361,Basic,57.07,2025-05-01,,active,monthly
392,362,Basic,54.15,2025-08-01,2026-03-01,canceled,monthly
393,363,Basic,54.12,2025-10-01,2025-12-01,canceled,monthly
394,364,Enterprise,786.52,2025-07-01,,active,monthly
395,365,Enterprise,869.89,2025-08-01,,active,monthly
396,366,Pro,209.93,2024-11-01,,active,monthly
397,367,Pro,184.03,2025-10-01,2026-06-01,canceled,monthly
398,368,Basic,62.01,2024-12-01,2025-03-01,canceled,monthly
399,369,Enterprise,922.49,2026-06-01,,active,monthly
400,370,Pro,172.31,2025-01-01,,active,monthly
401,371,Pro,235.53,2025-07-01,,active,monthly
402,372,Basic,63.03,2024-10-01,2025-11-01,upgraded,monthly
403,372,Pro,179.01,2025-12-01,2026-07-01,canceled,monthly
404,373,Pro,253.41,2025-03-01,2026-05-01,canceled,monthly
405,374,Basic,57.54,2025-02-01,,active,monthly
406,375,Enterprise,826.01,2025-01-01,,active,monthly
407,376,Basic,58.47,2025-10-01,2026-02-01,canceled,monthly
408,377,Pro,232.38,2025-09-01,,active,monthly
409,378,Pro,251.34,2026-01-01,,active,monthly
410,379,Basic,46.1,2025-05-01,,active,monthly
411,380,Pro,184.71,2026-01-01,,active,monthly
412,381,Basic,52.35,2025-04-01,2025-07-01,upgraded,monthly
413,381,Enterprise,1160.8,2025-08-01,2026-07-01,downgraded,monthly
414,381,Basic,44.3,2026-08-01,2026-08-01,canceled,monthly
415,382,Basic,46.39,2026-02-01,,active,monthly
416,383,Basic,50.1,2025-09-01,2025-10-01,canceled,monthly
417,384,Pro,190.86,2025-05-01,2025-07-01,canceled,monthly
418,385,Pro,183.42,2025-01-01,2025-11-01,canceled,monthly
419,386,Pro,188.58,2025-06-01,,active,monthly
420,387,Basic,53.49,2024-12-01,2025-03-01,canceled,monthly
421,388,Pro,191.78,2025-02-01,,active,monthly
422,389,Basic,57.66,2025-05-01,2025-08-01,canceled,monthly
423,390,Basic,61.98,2025-10-01,,active,monthly
424,391,Basic,45.98,2025-02-01,2026-01-01,canceled,monthly
425,392,Basic,57.94,2025-02-01,2026-06-01,canceled,monthly
426,393,Pro,221.53,2025-03-01,2025-07-01,downgraded,monthly
427,393,Basic,44.32,2025-08-01,,active,monthly
428,394,Pro,225.59,2025-06-01,2026-02-01,canceled,monthly
429,395,Enterprise,830.84,2025-11-01,,active,monthly
430,396,Pro,217.29,2025-07-01,,active,monthly
431,397,Pro,244.79,2026-01-01,,active,monthly
432,398,Basic,60.61,2025-12-01,,active,monthly
433,399,Pro,254.29,2025-01-01,2025-09-01,canceled,monthly
434,400,Basic,54.42,2025-05-01,2025-11-01,canceled,monthly
435,401,Pro,213.19,2025-10-01,2026-01-01,upgraded,monthly
436,401,Enterprise,885.93,2026-02-01,,active,monthly
437,402,Enterprise,1085.99,2025-07-01,2026-06-01,downgraded,monthly
438,402,Basic,46.59,2026-07-01,,active,monthly
439,403,Basic,45.16,2025-01-01,,active,monthly
440,404,Pro,226.83,2024-12-01,,active,monthly
441,405,Basic,42.63,2025-11-01,,active,monthly
442,406,Enterprise,952.39,2025-05-01,2025-07-01,canceled,monthly
443,407,Enterprise,937.49,2025-04-01,2025-12-01,downgraded,monthly
444,407,Basic,42.88,2026-01-01,2026-02-01,canceled,monthly
445,408,Basic,55.18,2025-05-01,2026-03-01,canceled,monthly
446,409,Pro,215.15,2025-04-01,2025-06-01,downgraded,monthly
447,409,Basic,47.97,2025-07-01,,active,monthly
448,410,Basic,46.57,2025-08-01,,active,monthly
449,411,Enterprise,1149.72,2025-02-01,2025-03-01,canceled,monthly
450,412,Enterprise,1100.24,2025-08-01,,active,monthly
451,413,Basic,52.81,2024-11-01,2025-10-01,canceled,monthly
452,414,Basic,62.4,2025-03-01,,active,monthly
453,415,Enterprise,808.11,2025-01-01,2025-03-01,downgraded,monthly
454,415,Basic,61.84,2025-04-01,2025-12-01,canceled,monthly
455,416,Pro,189.84,2026-04-01,,active,monthly
456,417,Basic,47.14,2025-09-01,2025-12-01,canceled,monthly
457,418,Basic,63.58,2025-09-01,,active,monthly
458,419,Basic,54.15,2025-09-01,,active,monthly
459,420,Basic,52.41,2025-09-01,2025-11-01,canceled,monthly
460,421,Pro,231.83,2024-10-01,,active,monthly
461,422,Basic,46.84,2025-09-01,2025-12-01,canceled,monthly
462,423,Basic,54.07,2025-08-01,,active,monthly
463,424,Basic,56.74,2025-07-01,2025-08-01,canceled,monthly
464,425,Enterprise,1108.44,2024-12-01,2025-02-01,canceled,monthly
465,426,Pro,217.75,2025-12-01,,active,monthly
466,427,Enterprise,1001.7,2025-03-01,,active,monthly
467,428,Basic,52.13,2025-07-01,2026-01-01,canceled,monthly
468,429,Pro,193.28,2025-03-01,,active,monthly
469,430,Enterprise,986.28,2026-02-01,,active,monthly
470,431,Enterprise,832.94,2025-07-01,,active,monthly
471,432,Enterprise,801.52,2025-01-01,,active,monthly
472,433,Basic,59.47,2025-05-01,,active,monthly
473,434,Basic,51.89,2024-09-01,2025-02-01,upgraded,monthly
474,434,Pro,222.93,2025-03-01,2025-05-01,canceled,monthly
475,435,Enterprise,982.02,2025-01-01,2026-03-01,canceled,monthly
476,436,Enterprise,1136.25,2026-02-01,2026-07-01,canceled,monthly
477,437,Basic,48.84,2025-01-01,,active,monthly
478,438,Basic,56.3,2026-05-01,,active,monthly
479,439,Pro,185.82,2025-05-01,,active,monthly
480,440,Basic,60.18,2025-11-01,2026-01-01,canceled,monthly
481,441,Pro,206.84,2025-08-01,,active,monthly
482,442,Basic,61.42,2025-01-01,2026-03-01,canceled,monthly
483,443,Basic,61.06,2025-01-01,,active,monthly
484,444,Basic,48.69,2025-08-01,2025-10-01,canceled,monthly
485,445,Enterprise,804.93,2025-08-01,,active,monthly
486,446,Basic,59.58,2026-01-01,,active,monthly
487,447,Enterprise,969.97,2024-10-01,,active,monthly
488,448,Pro,177.78,2025-01-01,2025-05-01,canceled,monthly
489,449,Basic,61.44,2025-08-01,2026-06-01,upgraded,monthly
490,449,Pro,205.92,2026-07-01,,active,monthly
491,450,Basic,58.53,2025-03-01,2026-03-01,upgraded,monthly
492,450,Pro,170.0,2026-04-01,2027-07-01,downgraded,monthly
493,450,Basic,61.64,2027-08-01,2027-08-01,canceled,monthly
494,451,Enterprise,1004.09,2025-11-01,,active,monthly
495,452,Basic,55.6,2025-04-01,2026-07-01,canceled,monthly
496,453,Basic,53.88,2025-04-01,,active,monthly
497,454,Basic,42.27,2025-08-01,2026-06-01,canceled,monthly
498,455,Enterprise,999.81,2025-04-01,2025-09-01,downgraded,monthly
499,455,Basic,42.92,2025-10-01,2026-09-01,canceled,monthly
500,456,Basic,45.83,2026-05-01,2026-06-01,canceled,monthly
501,457,Pro,174.23,2025-05-01,,active,monthly
502,458,Basic,44.48,2024-11-01,2025-02-01,canceled,monthly
503,459,Basic,54.46,2025-10-01,2026-04-01,canceled,monthly
504,460,Pro,222.93,2025-07-01,,active,monthly
505,461,Enterprise,1140.84,2026-03-01,,active,monthly
506,462,Pro,176.26,2025-06-01,2026-02-01,canceled,monthly
507,463,Basic,57.7,2025-05-01,2025-09-01,canceled,monthly
508,464,Enterprise,811.38,2025-06-01,,active,monthly
509,465,Basic,49.81,2025-05-01,,active,monthly
510,466,Pro,239.46,2025-07-01,2026-05-01,canceled,monthly
511,467,Basic,60.73,2025-05-01,,active,monthly
512,468,Pro,211.55,2025-01-01,2025-02-01,canceled,monthly
513,469,Pro,221.02,2025-03-01,2026-02-01,upgraded,monthly
514,469,Enterprise,778.03,2026-03-01,,active,monthly
515,470,Basic,-47.82,2025-05-01,,active,monthly
516,471,Pro,177.3,2025-03-01,2025-10-01,canceled,monthly
517,472,Basic,45.22,2025-07-01,2025-10-01,canceled,monthly
518,473,Basic,49.52,2025-11-01,2026-06-01,canceled,monthly
519,474,Pro,190.57,2024-12-01,2025-02-01,canceled,monthly
520,475,Pro,190.59,2025-07-01,,active,monthly
521,476,Basic,46.79,2025-08-01,,active,monthly
522,477,Basic,53.23,2025-10-01,2025-11-01,canceled,monthly
523,478,Enterprise,800.6,2025-09-01,,active,monthly
524,479,Basic,58.16,2025-09-01,,active,monthly
525,480,Basic,52.67,2024-12-01,2026-02-01,canceled,monthly
526,481,Pro,208.78,2025-04-01,2025-10-01,upgraded,monthly
527,481,Enterprise,1069.4,2025-11-01,2026-06-01,canceled,monthly
528,482,Basic,46.78,2024-12-01,2026-01-01,canceled,monthly
529,483,Basic,52.14,2024-12-01,2025-10-01,canceled,monthly
530,484,Basic,56.09,2025-04-01,,active,monthly
531,485,Pro,234.13,2025-10-01,,active,monthly
532,486,Basic,61.9,2025-02-01,2025-06-01,canceled,monthly
533,487,Basic,56.23,2025-04-01,2026-01-01,canceled,monthly
534,488,Basic,43.73,2025-07-01,2025-08-01,canceled,monthly
535,489,Enterprise,1033.35,2025-03-01,2026-08-01,canceled,monthly
536,490,Pro,171.84,2025-01-01,,active,monthly
537,491,Basic,47.89,2025-03-01,2025-08-01,upgraded,monthly
538,491,Pro,197.68,2025-09-01,2026-12-01,canceled,monthly
539,492,Basic,46.2,2025-09-01,,active,monthly
540,493,Basic,42.51,2025-03-01,,active,monthly
541,494,Basic,56.88,2025-11-01,,active,monthly
542,495,Basic,61.65,2025-05-01,,active,monthly
543,496,Basic,58.84,2025-07-01,2026-04-01,canceled,monthly
544,497,Enterprise,975.01,2025-09-01,2026-07-01,downgraded,monthly
545,497,Pro,244.67,2026-08-01,,active,monthly
546,498,Basic,58.27,2025-10-01,,active,monthly
547,499,Enterprise,1077.27,2026-03-01,,active,monthly
548,500,Pro,198.8,2025-04-01,2025-06-01,canceled,monthly
549,501,Basic,45.69,2025-11-01,2026-05-01,canceled,monthly
550,502,Basic,61.29,2025-02-01,2026-02-01,canceled,monthly
551,503,Enterprise,888.73,2025-01-01,,active,monthly
552,504,Pro,186.37,2025-09-01,,active,monthly
553,505,Basic,55.32,2025-04-01,,active,monthly
554,506,Basic,59.29,2024-10-01,2026-05-01,canceled,monthly
555,507,Pro,201.7,2025-01-01,,active,monthly
556,508,Pro,238.63,2024-10-01,2026-08-01,canceled,monthly
557,509,Pro,250.05,2025-08-01,2026-04-01,downgraded,monthly
558,509,Basic,62.46,2026-05-01,,active,monthly
559,510,Basic,45.83,2025-01-01,2025-09-01,canceled,monthly
560,511,Pro,204.58,2025-01-01,2026-05-01,downgraded,monthly
561,511,Basic,59.08,2026-06-01,2027-05-01,canceled,monthly
562,512,Enterprise,980.72,2025-04-01,2026-04-01,canceled,monthly
563,513,Enterprise,929.74,2025-08-01,,active,monthly
564,514,Basic,54.06,2025-04-01,2025-07-01,canceled,monthly
565,515,Pro,199.17,2025-03-01,,active,monthly
566,516,Basic,55.18,2026-02-01,2026-03-01,canceled,monthly
567,517,Enterprise,931.39,2026-03-01,,active,monthly
568,518,Basic,57.54,2025-07-01,2026-03-01,canceled,monthly
569,519,Basic,41.8,2025-11-01,2026-07-01,canceled,monthly
570,520,Pro,255.23,2026-01-01,2026-02-01,canceled,monthly
571,521,Pro,239.0,2025-09-01,2026-03-01,downgraded,monthly
572,521,Basic,49.18,2026-04-01,,active,monthly
573,522,Basic,61.48,2025-06-01,2026-04-01,canceled,monthly
574,523,Enterprise,1150.3,2024-12-01,2026-05-01,canceled,monthly
575,524,Basic,48.13,2024-11-01,2026-02-01,canceled,monthly
576,525,Pro,216.3,2024-11-01,2026-04-01,canceled,monthly
577,526,Pro,257.47,2026-03-01,,active,monthly
578,527,Pro,185.77,2025-09-01,,active,monthly
579,528,Basic,43.23,2024-12-01,2025-02-01,upgraded,monthly
580,528,Pro,169.44,2025-03-01,2025-03-01,canceled,monthly
581,529,Basic,50.88,2025-10-01,,active,monthly
582,530,Basic,59.26,2025-10-01,2026-05-01,canceled,monthly
583,531,Pro,180.7,2025-03-01,2025-10-01,canceled,monthly
584,532,Basic,47.18,2025-06-01,,active,monthly
585,533,Pro,194.61,2026-02-01,,active,monthly
586,534,Enterprise,-1024.12,2025-09-01,,active,monthly
587,535,Pro,212.76,2025-05-01,2025-06-01,canceled,monthly
588,536,Basic,47.4,2026-05-01,,active,monthly
589,537,Basic,60.15,2025-04-01,2025-08-01,canceled,monthly
590,538,Basic,55.33,2025-10-01,2025-12-01,canceled,monthly
591,539,Enterprise,1146.19,2025-08-01,,active,monthly
592,540,Basic,43.14,2024-11-01,,active,monthly
593,541,Basic,45.64,2026-02-01,,active,monthly
594,542,Pro,174.69,2025-03-01,2026-01-01,canceled,monthly
595,543,Pro,228.84,2026-01-01,2026-05-01,canceled,monthly
596,544,Basic,58.7,2025-07-01,,active,monthly
597,545,Enterprise,1100.14,2025-02-01,,active,monthly
598,546,Pro,240.25,2025-11-01,,active,monthly
599,547,Pro,248.63,2025-10-01,,active,monthly
600,548,Basic,43.0,2025-05-01,2025-06-01,canceled,monthly
601,549,Basic,44.99,2024-09-01,2025-01-01,canceled,monthly
602,550,Enterprise,968.54,2025-02-01,2026-03-01,downgraded,monthly
603,550,Basic,63.27,2026-04-01,,active,monthly
604,551,Pro,242.34,2025-02-01,2025-07-01,canceled,monthly
605,552,Basic,52.17,2025-04-01,2025-06-01,canceled,monthly
606,553,Basic,51.26,2025-04-01,,active,monthly
607,554,Pro,212.63,2024-12-01,,active,monthly
608,555,Enterprise,1077.85,2025-10-01,2026-01-01,canceled,monthly
609,556,Basic,49.95,2025-10-01,,active,monthly
610,557,Enterprise,1067.34,2025-04-01,,active,monthly
611,558,Basic,57.09,2026-01-01,,active,monthly
612,559,Pro,180.25,2025-03-01,2026-02-01,canceled,monthly
613,560,Pro,222.71,2025-12-01,,active,monthly
614,561,Pro,215.26,2026-02-01,,active,monthly
615,562,Pro,196.57,2025-04-01,2026-02-01,canceled,monthly
616,563,Basic,48.27,2025-09-01,2026-06-01,canceled,monthly
617,564,Pro,188.68,2025-06-01,,active,monthly
618,565,Pro,0.0,2025-09-01,2026-05-01,canceled,monthly
619,566,Enterprise,872.09,2025-01-01,,active,monthly
620,567,Pro,172.17,2025-03-01,2026-07-01,canceled,monthly
621,568,Basic,59.16,2025-07-01,,active,monthly
622,569,Enterprise,1102.76,2025-08-01,,active,monthly
623,570,Pro,184.3,2025-07-01,,active,monthly
624,571,Pro,231.25,2024-12-01,,active,monthly
625,572,Basic,-50.93,2024-11-01,2025-03-01,canceled,monthly
626,573,Enterprise,785.86,2025-08-01,2026-01-01,canceled,monthly
627,574,Basic,62.89,2025-03-01,2026-01-01,canceled,monthly
628,575,Pro,178.26,2024-12-01,2025-12-01,downgraded,monthly
629,575,Basic,61.47,2026-01-01,2026-11-01,canceled,monthly
630,576,Enterprise,1138.01,2025-05-01,2026-07-01,canceled,monthly
631,577,Basic,51.13,2025-02-01,2026-01-01,canceled,monthly
632,578,Basic,63.22,2025-07-01,2026-07-01,upgraded,monthly
633,578,Enterprise,800.62,2026-08-01,2027-06-01,downgraded,monthly
634,578,Basic,43.67,2027-07-01,,active,monthly
635,579,Basic,51.63,2025-03-01,2025-05-01,canceled,monthly
636,580,Enterprise,892.23,2024-10-01,,active,monthly
637,581,Enterprise,937.43,2025-09-01,,active,monthly
638,582,Enterprise,1164.51,2026-02-01,,active,monthly
639,583,Basic,52.53,2025-09-01,2025-11-01,canceled,monthly
640,584,Pro,180.34,2025-04-01,,active,monthly
641,585,Basic,48.69,2025-05-01,,active,monthly
642,586,Pro,217.71,2026-04-01,,active,monthly
643,587,Basic,53.74,2024-12-01,2026-01-01,canceled,monthly
644,588,Pro,214.29,2025-09-01,,active,monthly
645,589,Pro,198.75,2025-08-01,2026-02-01,canceled,monthly
646,590,Basic,48.09,2025-03-01,2025-04-01,canceled,monthly
647,591,Basic,49.33,2024-12-01,,active,monthly
648,592,Basic,59.74,2026-02-01,2026-05-01,canceled,monthly
649,593,Basic,56.97,2026-02-01,,active,monthly
650,594,Pro,230.27,2025-06-01,,active,monthly
651,595,Enterprise,837.07,2025-07-01,2026-06-01,downgraded,monthly
652,595,Basic,50.74,2026-07-01,,active,monthly
653,596,Basic,57.34,2025-10-01,,active,monthly
654,597,Basic,46.45,2025-09-01,,active,monthly
655,598,Basic,48.37,2025-11-01,,active,monthly
656,599,Basic,61.99,2025-03-01,,active,monthly
657,600,Basic,59.84,2025-10-01,,active,monthly
658,601,Enterprise,1155.69,2025-01-01,,active,monthly
659,602,Basic,54.72,2025-11-01,,active,monthly
660,603,Pro,204.81,2025-03-01,,active,monthly
661,604,Basic,63.24,2025-11-01,,active,monthly
662,605,Basic,49.29,2026-03-01,2026-07-01,upgraded,monthly
663,605,Pro,194.71,2026-08-01,,active,monthly
664,606,Pro,202.37,2024-12-01,2026-06-01,canceled,monthly
665,607,Basic,56.21,2025-02-01,2025-11-01,canceled,monthly
666,608,Pro,223.33,2025-05-01,,active,monthly
667,609,Basic,56.27,2025-02-01,2026-03-01,canceled,monthly
668,610,Pro,199.9,2024-12-01,2025-03-01,canceled,monthly
669,611,Enterprise,1028.92,2025-03-01,,active,monthly
670,612,Pro,178.97,2025-03-01,,active,monthly
671,613,Enterprise,1025.92,2025-02-01,2025-04-01,downgraded,monthly
672,613,Basic,59.61,2025-05-01,,active,monthly
673,614,Enterprise,1069.54,2025-06-01,,active,monthly
674,615,Enterprise,901.78,2025-06-01,2025-11-01,canceled,monthly
675,616,Basic,48.19,2025-07-01,,active,monthly
676,617,Pro,219.54,2025-08-01,,active,monthly
677,618,Basic,60.56,2025-05-01,2026-05-01,upgraded,monthly
678,618,Enterprise,933.34,2026-06-01,2027-01-01,downgraded,monthly
679,618,Pro,184.06,2027-02-01,,active,monthly
680,619,Enterprise,817.95,2025-05-01,,active,monthly
681,620,Basic,62.66,2025-09-01,,active,monthly
682,621,Basic,47.55,2025-11-01,,active,monthly
683,622,Basic,56.07,2025-12-01,,active,monthly
684,623,Enterprise,799.14,2025-04-01,2025-06-01,canceled,monthly
685,624,Basic,55.83,2026-03-01,,active,monthly
686,625,Basic,63.7,2025-04-01,2026-08-01,canceled,monthly
687,626,Pro,206.38,2025-04-01,,active,monthly
688,627,Pro,193.67,2025-09-01,,active,monthly
689,628,Basic,59.16,2025-10-01,2025-12-01,canceled,monthly
690,629,Basic,49.56,2025-10-01,2026-04-01,canceled,monthly
691,630,Pro,206.54,2025-01-01,,active,monthly
692,631,Basic,63.38,2025-02-01,2026-01-01,upgraded,monthly
693,631,Pro,254.84,2026-02-01,,active,monthly
694,632,Basic,62.51,2025-07-01,,active,monthly
695,633,Basic,45.97,2025-07-01,,active,monthly
696,634,Basic,58.86,2025-03-01,,active,monthly
697,635,Pro,172.03,2026-01-01,,active,monthly
698,636,Basic,45.33,2025-11-01,2026-03-01,canceled,monthly
699,637,Basic,47.86,2025-08-01,,active,monthly
700,638,Basic,49.96,2025-02-01,2026-03-01,canceled,monthly
701,639,Basic,47.82,2025-03-01,2025-05-01,canceled,monthly
702,640,Basic,47.41,2024-12-01,,active,monthly
703,641,Basic,47.09,2024-11-01,2025-12-01,canceled,monthly
704,642,Basic,46.02,2024-11-01,2025-01-01,canceled,monthly
705,643,Basic,48.13,2025-12-01,,active,monthly
706,644,Enterprise,980.36,2024-12-01,,active,monthly
707,645,Pro,230.99,2025-09-01,,active,monthly
708,646,Basic,63.57,2024-10-01,2025-12-01,canceled,monthly
709,647,Enterprise,993.85,2025-03-01,,active,monthly
710,648,Basic,63.18,2025-11-01,2026-07-01,canceled,monthly
711,649,Basic,56.91,2025-12-01,,active,monthly
712,650,Basic,51.8,2025-02-01,2025-07-01,canceled,monthly
713,651,Basic,53.33,2025-04-01,2026-06-01,canceled,monthly
714,652,Basic,45.58,2025-07-01,2026-05-01,canceled,monthly
715,653,Basic,60.73,2025-08-01,,active,monthly
716,654,Pro,215.47,2025-08-01,,active,monthly
717,655,Enterprise,1030.33,2025-08-01,,active,monthly
718,656,Basic,63.66,2025-11-01,,active,monthly
719,657,Pro,257.74,2025-07-01,,active,monthly
720,658,Pro,213.55,2025-01-01,,active,monthly
721,659,Enterprise,1027.99,2025-07-01,2026-03-01,canceled,monthly
722,660,Basic,59.55,2025-12-01,,active,monthly
723,661,Pro,169.19,2025-12-01,,active,monthly
724,662,Pro,206.05,2026-06-01,,active,monthly
725,663,Basic,54.69,2026-04-01,,active,monthly
726,664,Basic,52.43,2026-04-01,,active,monthly
727,665,Pro,201.53,2024-12-01,2025-08-01,canceled,monthly
728,666,Enterprise,879.98,2025-03-01,,active,monthly
729,667,Enterprise,1155.11,2026-04-01,,active,monthly
730,668,Basic,48.54,2025-04-01,2025-06-01,canceled,monthly
731,669,Basic,44.65,2025-03-01,2025-12-01,canceled,monthly
732,670,Enterprise,779.09,2025-12-01,,active,monthly
733,671,Pro,193.0,2025-03-01,2025-12-01,canceled,monthly
734,672,Basic,58.01,2025-01-01,2026-05-01,canceled,monthly
735,673,Pro,218.6,2024-12-01,2025-01-01,canceled,monthly
736,674,Pro,179.77,2025-07-01,,active,monthly
737,675,Basic,46.2,2025-03-01,2026-05-01,upgraded,monthly
738,675,Pro,198.42,2026-06-01,2027-06-01,canceled,monthly
739,676,Basic,61.92,2025-09-01,,active,monthly
740,677,Enterprise,822.7,2025-04-01,,active,monthly
741,678,Basic,46.25,2025-01-01,2025-06-01,canceled,monthly
742,679,Pro,177.87,2025-07-01,,active,monthly
743,680,Basic,44.66,2025-04-01,2025-07-01,canceled,monthly
744,681,Basic,60.92,2025-02-01,2025-12-01,upgraded,monthly
745,681,Enterprise,1098.79,2026-01-01,,active,monthly
746,682,Basic,47.3,2026-02-01,,active,monthly
747,683,Basic,54.38,2025-04-01,2026-01-01,canceled,monthly
748,684,Pro,196.19,2025-10-01,,active,monthly
749,685,Pro,236.26,2025-02-01,2025-04-01,canceled,monthly
750,686,Pro,239.2,2025-09-01,,active,monthly
751,687,Basic,56.64,2024-12-01,2025-11-01,canceled,monthly
752,688,Basic,54.52,2025-05-01,2025-11-01,canceled,monthly
753,689,Basic,56.7,2025-05-01,2025-09-01,canceled,monthly
754,690,Basic,54.88,2024-11-01,2025-05-01,canceled,monthly
755,691,Pro,195.7,2025-07-01,2026-07-01,canceled,monthly
756,692,Pro,193.62,2025-06-01,2025-12-01,downgraded,monthly
757,692,Basic,44.8,2026-01-01,,active,monthly
758,693,Pro,188.51,2024-10-01,2024-11-01,canceled,monthly
759,694,Basic,63.35,2025-02-01,,active,monthly
760,695,Pro,237.85,2025-09-01,,active,monthly
761,696,Basic,47.27,2026-02-01,2026-07-01,canceled,monthly
762,697,Pro,235.62,2025-11-01,,active,monthly
763,698,Pro,182.76,2026-03-01,,active,monthly
764,699,Enterprise,1099.12,2025-07-01,,active,monthly
765,700,Enterprise,1014.61,2025-03-01,2026-06-01,canceled,monthly
766,701,Pro,243.06,2025-09-01,,active,monthly
767,702,Basic,43.89,2025-05-01,2025-07-01,canceled,monthly
768,703,Basic,43.04,2026-02-01,,active,monthly
769,704,Pro,205.11,2025-05-01,2025-08-01,canceled,monthly
770,705,Pro,188.01,2025-08-01,,active,monthly
771,706,Pro,210.12,2025-10-01,,active,monthly
772,707,Pro,254.89,2025-08-01,,active,monthly
773,708,Enterprise,1019.85,2025-03-01,2025-05-01,downgraded,monthly
774,708,Pro,181.02,2025-06-01,,active,monthly
775,709,Basic,47.86,2025-05-01,2026-05-01,upgraded,monthly
776,709,Pro,195.39,2026-06-01,,active,monthly
777,710,Basic,46.0,2025-06-01,2026-02-01,upgraded,monthly
778,710,Pro,198.32,2026-03-01,,active,monthly
779,711,Basic,53.55,2025-01-01,,active,monthly
780,712,Basic,62.73,2025-08-01,,active,monthly
781,713,Pro,193.73,2025-08-01,2026-04-01,canceled,monthly
782,714,Pro,-235.32,2025-07-01,2025-12-01,canceled,monthly
783,715,Pro,238.45,2025-02-01,2025-04-01,canceled,monthly
784,716,Basic,56.81,2025-02-01,2025-11-01,canceled,monthly
785,717,Basic,45.71,2025-11-01,,active,monthly
786,718,Basic,47.19,2024-11-01,2026-04-01,canceled,monthly
787,719,Pro,218.62,2025-02-01,2025-07-01,canceled,monthly
788,720,Basic,62.9,2025-11-01,,active,monthly
789,721,Pro,248.03,2025-10-01,2025-12-01,canceled,monthly
790,722,Basic,54.88,2025-11-01,,active,monthly
791,723,Basic,50.08,2025-11-01,,active,monthly
792,724,Enterprise,1040.49,2026-02-01,,active,monthly
793,725,Basic,50.81,2025-05-01,2025-12-01,canceled,monthly
794,726,Basic,52.59,2025-09-01,2025-10-01,canceled,monthly
795,727,Pro,172.48,2025-07-01,,active,monthly
796,728,Basic,61.27,2025-04-01,,active,monthly
797,729,Enterprise,991.5,2025-04-01,,active,monthly
798,730,Pro,191.19,2025-08-01,2026-08-01,canceled,monthly
799,731,Pro,243.47,2025-01-01,2026-06-01,canceled,monthly
800,732,Basic,49.91,2025-06-01,2026-06-01,canceled,monthly
801,733,Pro,186.24,2026-03-01,2026-06-01,canceled,monthly
802,734,Basic,61.97,2025-09-01,2026-07-01,canceled,monthly
803,735,Pro,175.49,2025-09-01,2026-04-01,canceled,monthly
804,736,Basic,60.13,2025-05-01,2025-07-01,canceled,monthly
805,737,Enterprise,846.24,2025-11-01,,active,monthly
806,738,Pro,225.14,2024-11-01,2025-02-01,canceled,monthly
807,739,Enterprise,867.59,2026-03-01,2026-07-01,downgraded,monthly
808,739,Basic,49.47,2026-08-01,,active,monthly
809,740,Pro,233.49,2026-02-01,,active,monthly
810,741,Pro,241.28,2026-05-01,,active,monthly
811,742,Enterprise,830.89,2026-02-01,,active,monthly
812,743,Basic,62.39,2025-03-01,2025-04-01,canceled,monthly
813,744,Pro,214.33,2025-10-01,2026-01-01,canceled,monthly
814,745,Pro,208.63,2024-12-01,2026-03-01,canceled,monthly
815,746,Basic,42.55,2024-10-01,2025-01-01,canceled,monthly
816,747,Pro,203.66,2025-02-01,2025-04-01,canceled,monthly
817,748,Pro,180.78,2025-07-01,,active,monthly
818,749,Basic,49.16,2024-10-01,2025-04-01,canceled,monthly
819,750,Basic,53.47,2026-04-01,2026-07-01,canceled,monthly
820,751,Basic,63.1,2025-03-01,2026-06-01,canceled,monthly
821,752,Basic,47.89,2025-11-01,,active,monthly
822,753,Pro,258.56,2025-11-01,,active,monthly
823,754,Basic,44.1,2024-12-01,2026-01-01,canceled,monthly
824,755,Basic,47.57,2025-06-01,2026-03-01,canceled,monthly
825,756,Basic,55.17,2025-07-01,2026-06-01,canceled,monthly
826,757,Basic,48.77,2025-01-01,2025-04-01,canceled,monthly
827,758,Basic,61.95,2024-11-01,2025-04-01,canceled,monthly
828,759,Basic,45.28,2025-08-01,,active,monthly
829,760,Basic,60.36,2025-05-01,2025-12-01,canceled,monthly
830,761,Basic,56.51,2025-08-01,,active,monthly
831,762,Enterprise,873.69,2025-08-01,2026-05-01,canceled,monthly
832,763,Pro,187.55,2025-01-01,2026-02-01,canceled,monthly
833,764,Pro,254.57,2025-12-01,,active,monthly
834,765,Basic,59.95,2025-05-01,2026-01-01,canceled,monthly
835,766,Pro,195.2,2026-02-01,,active,monthly
836,767,Pro,196.2,2025-10-01,,active,monthly
837,768,Pro,209.38,2025-12-01,2026-06-01,canceled,monthly
838,769,Basic,48.2,2025-08-01,2026-06-01,canceled,monthly
839,770,Pro,172.17,2025-08-01,,active,monthly
840,771,Basic,58.38,2025-10-01,2026-01-01,canceled,monthly
841,772,Basic,52.29,2025-02-01,2025-05-01,canceled,monthly
842,773,Basic,60.9,2025-11-01,,active,monthly
843,774,Enterprise,1159.87,2025-04-01,,active,monthly
844,775,Basic,58.71,2025-03-01,2026-04-01,canceled,monthly
845,776,Basic,42.58,2025-03-01,2026-01-01,canceled,monthly
846,777,Basic,54.91,2025-12-01,,active,monthly
847,778,Enterprise,801.38,2025-07-01,,active,monthly
848,779,Enterprise,780.25,2025-01-01,2026-05-01,downgraded,monthly
849,779,Basic,43.56,2026-06-01,2026-12-01,canceled,monthly
850,780,Basic,56.12,2025-10-01,2026-07-01,canceled,monthly
851,781,Pro,232.42,2025-03-01,,active,monthly
852,782,Basic,56.33,2025-07-01,,active,monthly
853,783,Pro,196.29,2025-08-01,2026-03-01,canceled,monthly
854,784,Enterprise,1144.36,2025-09-01,,active,monthly
855,785,Basic,57.28,2025-09-01,2026-02-01,canceled,monthly
856,786,Basic,62.5,2026-03-01,,active,monthly
857,787,Enterprise,1140.77,2025-06-01,,active,monthly
858,788,Pro,171.25,2025-03-01,,active,monthly
859,789,Pro,173.16,2025-05-01,,active,monthly
860,790,Pro,254.64,2025-04-01,2025-09-01,canceled,monthly
861,791,Pro,198.85,2025-01-01,2025-07-01,downgraded,monthly
862,791,Basic,42.5,2025-08-01,2026-09-01,canceled,monthly
863,792,Pro,234.04,2025-09-01,2026-06-01,downgraded,monthly
864,792,Basic,45.33,2026-07-01,,active,monthly
865,793,Pro,222.38,2025-07-01,2026-01-01,canceled,monthly
866,794,Pro,198.06,2025-11-01,,active,monthly
867,795,Basic,48.3,2025-01-01,2025-10-01,canceled,monthly
868,796,Basic,44.3,2025-01-01,,active,monthly
869,797,Pro,192.09,2025-08-01,2026-02-01,canceled,monthly
870,798,Enterprise,1109.32,2025-03-01,2026-03-01,downgraded,monthly
871,798,Pro,255.75,2026-04-01,,active,monthly
872,799,Pro,194.47,2025-07-01,,active,monthly
873,800,Basic,47.5,2025-09-01,2026-06-01,canceled,monthly
874,801,Pro,191.61,2024-10-01,2024-12-01,downgraded,monthly
875,801,Basic,43.57,2025-01-01,2025-02-01,canceled,monthly
876,802,Basic,62.78,2025-08-01,2026-02-01,canceled,monthly
877,803,Basic,52.45,2025-05-01,2025-09-01,canceled,monthly
878,804,Pro,229.03,2025-04-01,,active,monthly
879,805,Pro,257.33,2025-01-01,,active,monthly
880,806,Basic,57.13,2025-01-01,2025-12-01,canceled,monthly
881,807,Basic,-60.49,2025-08-01,,active,monthly
882,808,Pro,232.7,2025-01-01,,active,monthly
883,809,Pro,251.18,2025-04-01,,active,monthly
884,810,Basic,55.99,2025-02-01,2025-06-01,upgraded,monthly
885,810,Enterprise,1151.86,2025-07-01,,active,monthly
886,811,Pro,181.12,2025-12-01,,active,monthly
887,812,Pro,194.72,2025-06-01,2025-10-01,canceled,monthly
888,813,Pro,245.46,2025-01-01,2026-02-01,canceled,monthly
889,814,Pro,198.88,2025-09-01,,active,monthly
890,815,Basic,59.86,2025-05-01,2026-05-01,canceled,monthly
891,816,Pro,207.72,2025-01-01,2025-07-01,canceled,monthly
892,817,Basic,49.93,2025-09-01,2025-12-01,canceled,monthly
893,818,Enterprise,1115.54,2025-08-01,,active,monthly
894,819,Enterprise,992.24,2024-10-01,2025-02-01,downgraded,monthly
895,819,Basic,42.96,2025-03-01,2025-10-01,canceled,monthly
896,820,Basic,44.95,2025-05-01,2025-08-01,canceled,monthly
897,821,Basic,50.41,2025-07-01,,active,monthly
898,822,Pro,180.2,2025-11-01,2026-08-01,canceled,monthly
899,823,Pro,234.19,2025-10-01,,active,monthly
900,824,Enterprise,797.77,2025-05-01,2026-03-01,downgraded,monthly
901,824,Basic,61.62,2026-04-01,2027-01-01,upgraded,monthly
902,824,Pro,253.42,2027-02-01,,active,monthly
903,825,Basic,47.7,2025-02-01,2025-05-01,canceled,monthly
904,826,Pro,226.53,2025-02-01,,active,monthly
905,827,Pro,206.6,2025-01-01,,active,monthly
906,828,Enterprise,920.86,2025-06-01,,active,monthly
907,829,Basic,56.54,2025-01-01,2025-04-01,canceled,monthly
908,830,Basic,57.79,2025-12-01,2026-04-01,canceled,monthly
909,831,Basic,47.74,2024-12-01,,active,monthly
910,832,Pro,244.28,2026-02-01,,active,monthly
911,833,Enterprise,1123.9,2025-02-01,,active,monthly
912,834,Enterprise,1100.26,2026-05-01,,active,monthly
913,835,Basic,59.9,2025-04-01,2025-05-01,canceled,monthly
914,836,Basic,59.15,2025-05-01,2025-08-01,canceled,monthly
915,837,Basic,63.51,2024-12-01,,active,monthly
916,838,Enterprise,1102.52,2025-02-01,2025-03-01,canceled,monthly
917,839,Pro,257.53,2025-08-01,,active,monthly
918,840,Basic,56.4,2026-05-01,,active,monthly
919,841,Basic,46.55,2025-02-01,2026-08-01,canceled,monthly
920,842,Pro,209.44,2025-05-01,,active,monthly
921,843,Pro,219.16,2025-12-01,2026-02-01,canceled,monthly
922,844,Basic,58.59,2025-04-01,2025-08-01,canceled,monthly
923,845,Pro,187.63,2025-08-01,,active,monthly
924,846,Basic,52.22,2025-05-01,,active,monthly
925,847,Pro,244.21,2025-01-01,,active,monthly
926,848,Basic,61.89,2024-10-01,,active,monthly
927,849,Basic,57.34,2025-03-01,,active,monthly
928,850,Basic,42.9,2025-05-01,,active,monthly
929,851,Pro,217.89,2025-07-01,,active,monthly
930,852,Basic,57.36,2025-09-01,2026-02-01,canceled,monthly
931,853,Basic,43.72,2025-02-01,2026-04-01,canceled,monthly
932,854,Basic,42.28,2025-06-01,2026-03-01,canceled,monthly
933,855,Pro,227.9,2025-12-01,,active,monthly
934,856,Basic,44.28,2025-09-01,,active,monthly
935,857,Pro,257.98,2025-03-01,,active,monthly
936,858,Pro,240.5,2025-05-01,2025-09-01,canceled,monthly
937,859,Basic,51.86,2025-02-01,,active,monthly
938,860,Basic,42.49,2024-10-01,2025-09-01,upgraded,monthly
939,860,Pro,183.11,2025-10-01,2026-08-01,canceled,monthly
940,861,Pro,204.24,2026-02-01,,active,monthly
941,862,Pro,212.93,2025-08-01,2026-06-01,canceled,monthly
942,863,Pro,223.89,2025-09-01,,active,monthly
943,864,Basic,54.77,2025-01-01,2026-04-01,canceled,monthly
944,865,Enterprise,1040.57,2025-03-01,2026-05-01,canceled,monthly
945,866,Pro,212.06,2026-04-01,2026-06-01,canceled,monthly
946,867,Basic,51.28,2025-10-01,2026-03-01,canceled,monthly
947,868,Pro,208.99,2025-08-01,,active,monthly
948,869,Enterprise,949.33,2025-06-01,,active,monthly
949,870,Basic,45.79,2025-04-01,2026-05-01,canceled,monthly
950,871,Pro,229.44,2026-01-01,,active,monthly
951,872,Pro,234.96,2025-05-01,,active,monthly
952,873,Pro,199.9,2025-11-01,,active,monthly
953,874,Pro,218.24,2026-02-01,,active,monthly
954,875,Basic,42.88,2025-08-01,2025-09-01,canceled,monthly
955,876,Pro,238.86,2025-01-01,,active,monthly
956,877,Pro,226.94,2025-09-01,,active,monthly
957,878,Pro,225.05,2025-09-01,,active,monthly
958,879,Enterprise,945.6,2025-12-01,,active,monthly
959,880,Pro,200.68,2025-04-01,,active,monthly
960,881,Basic,45.85,2025-02-01,,active,monthly
961,882,Basic,55.66,2025-11-01,2025-12-01,canceled,monthly
962,883,Enterprise,1160.6,2025-08-01,,active,monthly
963,884,Basic,47.77,2025-04-01,2025-07-01,canceled,monthly
964,885,Basic,46.82,2025-08-01,,active,monthly
965,886,Basic,52.16,2025-01-01,,active,monthly
966,887,Pro,181.79,2025-04-01,,active,monthly
967,888,Enterprise,932.17,2025-06-01,,active,monthly
968,889,Basic,48.18,2025-03-01,2025-09-01,canceled,monthly
969,890,Pro,239.78,2025-10-01,,active,monthly
970,891,Pro,232.46,2025-05-01,2026-01-01,canceled,monthly
971,892,Pro,234.26,2025-07-01,2026-05-01,canceled,monthly
972,893,Pro,235.16,2025-04-01,,active,monthly
973,894,Pro,256.33,2026-01-01,,active,monthly
974,895,Basic,43.79,2025-01-01,,active,monthly
975,896,Basic,54.12,2025-06-01,,active,monthly
976,897,Basic,60.58,2025-09-01,2026-05-01,canceled,monthly
977,898,Basic,62.46,2025-04-01,2025-06-01,canceled,monthly
978,899,Pro,230.4,2025-12-01,2026-04-01,canceled,monthly
979,900,Pro,219.88,2025-05-01,,active,monthly
980,901,Enterprise,1073.11,2025-06-01,2025-11-01,canceled,monthly
981,902,Pro,196.65,2024-10-01,2025-08-01,canceled,monthly
982,903,Basic,61.96,2025-04-01,2025-12-01,upgraded,monthly
983,903,Pro,177.57,2026-01-01,2027-01-01,canceled,monthly
984,904,Pro,254.05,2024-12-01,,active,monthly
985,905,Pro,171.51,2025-05-01,,active,monthly
986,906,Pro,-188.39,2025-01-01,,active,monthly
987,907,Basic,47.38,2025-03-01,2026-05-01,canceled,monthly
988,908,Basic,63.7,2025-01-01,2025-05-01,canceled,monthly
989,909,Basic,53.62,2025-11-01,,active,monthly
990,910,Pro,212.23,2024-10-01,,active,monthly
991,911,Basic,58.18,2026-01-01,2026-06-01,canceled,monthly
992,912,Pro,179.46,2025-04-01,2026-01-01,canceled,monthly
993,913,Basic,56.66,2025-08-01,2026-03-01,canceled,monthly
994,914,Basic,59.31,2025-08-01,2025-12-01,canceled,monthly
995,915,Basic,49.94,2025-04-01,2025-05-01,canceled,monthly
996,916,Basic,41.86,2025-02-01,2026-07-01,canceled,monthly
997,917,Basic,47.56,2025-10-01,2026-02-01,canceled,monthly
998,918,Basic,0.0,2025-07-01,2026-03-01,canceled,monthly
999,919,Basic,47.51,2026-01-01,,active,monthly
1000,920,Basic,46.04,2025-04-01,,active,monthly
1001,921,Basic,46.6,2025-04-01,2025-05-01,canceled,monthly
1002,922,Pro,243.62,2025-07-01,2026-04-01,canceled,monthly
1003,923,Pro,186.87,2025-02-01,2025-07-01,canceled,monthly
1004,924,Pro,237.1,2024-10-01,,active,monthly
1005,925,Pro,213.56,2025-07-01,,active,monthly
1006,926,Basic,43.3,2024-09-01,2024-10-01,canceled,monthly
1007,927,Basic,63.46,2026-02-01,,active,monthly
1008,928,Pro,211.4,2025-12-01,,active,monthly
1009,929,Pro,195.06,2025-02-01,,active,monthly
1010,930,Pro,239.52,2026-03-01,,active,monthly
1011,931,Pro,202.01,2024-11-01,2024-12-01,canceled,monthly
1012,932,Basic,53.28,2025-05-01,,active,monthly
1013,933,Basic,45.17,2025-05-01,,active,monthly
1014,934,Pro,191.7,2025-04-01,2026-03-01,upgraded,monthly
1015,934,Enterprise,979.96,2026-04-01,2027-05-01,downgraded,monthly
1016,934,Basic,53.27,2027-06-01,,active,monthly
1017,935,Pro,204.84,2025-10-01,,active,monthly
1018,936,Basic,46.5,2025-04-01,2025-09-01,canceled,monthly
1019,937,Basic,55.83,2025-05-01,2025-07-01,upgraded,monthly
1020,937,Pro,217.85,2025-08-01,2025-09-01,canceled,monthly
1021,938,Basic,63.42,2025-06-01,2025-09-01,canceled,monthly
1022,939,Pro,195.96,2025-05-01,2025-06-01,canceled,monthly
1023,940,Basic,53.34,2025-06-01,,active,monthly
1024,941,Pro,238.86,2025-01-01,2025-07-01,canceled,monthly
1025,942,Basic,50.95,2025-06-01,2025-12-01,canceled,monthly
1026,943,Basic,53.25,2025-09-01,2025-10-01,canceled,monthly
1027,944,Enterprise,1097.04,2024-12-01,2026-02-01,downgraded,monthly
1028,944,Pro,184.79,2026-03-01,,active,monthly
1029,945,Basic,49.66,2025-11-01,,active,monthly
1030,946,Pro,213.28,2025-12-01,2026-07-01,downgraded,monthly
1031,946,Basic,58.25,2026-08-01,2026-08-01,canceled,monthly
1032,947,Enterprise,827.82,2025-02-01,,active,monthly
1033,948,Enterprise,1153.57,2025-02-01,,active,monthly
1034,949,Basic,42.05,2025-06-01,2025-08-01,canceled,monthly
1035,950,Basic,47.17,2026-02-01,2026-03-01,canceled,monthly
1036,951,Basic,56.98,2025-09-01,,active,monthly
1037,952,Basic,54.2,2025-02-01,,active,monthly
1038,953,Pro,189.74,2025-09-01,2026-06-01,canceled,monthly
1039,954,Basic,55.83,2025-07-01,,active,monthly
1040,955,Basic,43.78,2025-04-01,,active,monthly
1041,956,Basic,51.89,2025-05-01,2026-01-01,upgraded,monthly
1042,956,Pro,248.49,2026-02-01,2027-01-01,canceled,monthly
1043,957,Basic,44.31,2025-06-01,2026-08-01,canceled,monthly
1044,958,Pro,222.47,2025-09-01,,active,monthly
1045,959,Pro,176.03,2026-01-01,2026-05-01,canceled,monthly
1046,960,Basic,42.67,2026-03-01,,active,monthly
1047,961,Enterprise,839.17,2025-05-01,,active,monthly
1048,962,Basic,54.18,2025-10-01,2025-11-01,canceled,monthly
1049,963,Enterprise,1083.58,2024-11-01,2025-06-01,canceled,monthly
1050,964,Pro,195.13,2025-05-01,2026-04-01,canceled,monthly
1051,965,Pro,245.84,2025-07-01,2026-01-01,canceled,monthly
1052,966,Basic,58.46,2025-10-01,,active,monthly
1053,967,Basic,49.72,2025-07-01,2026-06-01,canceled,monthly
1054,968,Enterprise,908.76,2025-10-01,,active,monthly
1055,969,Basic,51.9,2024-11-01,2025-02-01,canceled,monthly
1056,970,Pro,255.27,2025-04-01,2026-07-01,canceled,monthly
1057,971,Basic,62.85,2024-12-01,2025-04-01,canceled,monthly
1058,972,Pro,227.14,2025-08-01,,active,monthly
1059,973,Basic,51.54,2025-07-01,2025-12-01,canceled,monthly
1060,974,Enterprise,1128.06,2025-07-01,,active,monthly
1061,975,Pro,221.53,2026-01-01,,active,monthly
1062,976,Pro,252.31,2025-05-01,2025-07-01,canceled,monthly
1063,977,Pro,174.97,2025-04-01,2025-09-01,canceled,monthly
1064,978,Basic,41.67,2025-05-01,,active,monthly
1065,979,Basic,48.79,2025-05-01,2025-07-01,canceled,monthly
1066,980,Basic,43.48,2025-04-01,2025-12-01,canceled,monthly
1067,981,Basic,62.47,2025-09-01,,active,monthly
1068,982,Pro,206.51,2025-04-01,2026-03-01,canceled,monthly
1069,983,Pro,255.97,2025-02-01,2026-07-01,canceled,monthly
1070,984,Basic,54.2,2025-03-01,2025-10-01,canceled,monthly
1071,985,Basic,60.45,2026-04-01,,active,monthly
1072,986,Pro,212.67,2026-02-01,,active,monthly
1073,987,Basic,58.58,2025-04-01,2026-05-01,canceled,monthly
1074,988,Basic,55.94,2025-03-01,2025-08-01,canceled,monthly
1075,989,Basic,43.89,2025-04-01,2025-08-01,canceled,monthly
1076,990,Basic,47.31,2025-09-01,2026-03-01,canceled,monthly
1077,991,Basic,55.31,2025-08-01,,active,monthly
1078,992,Pro,175.9,2025-06-01,2026-04-01,downgraded,monthly
1079,992,Basic,47.65,2026-05-01,,active,monthly
1080,993,Basic,54.11,2025-10-01,,active,monthly
1081,994,Basic,58.78,2025-08-01,,active,monthly
1082,995,Pro,219.11,2024-12-01,2026-05-01,canceled,monthly
1083,996,Pro,246.22,2025-06-01,2026-02-01,downgraded,monthly
1084,996,Basic,41.97,2026-03-01,2026-06-01,canceled,monthly
1085,997,Pro,174.87,2025-03-01,,active,monthly
1086,998,Pro,240.12,2025-03-01,,active,monthly
1087,999,Pro,232.58,2025-02-01,2025-03-01,canceled,monthly
1088,1000,Basic,51.81,2025-05-01,2025-10-01,canceled,monthly
1089,1001,Basic,47.01,2024-12-01,,active,monthly
1090,1002,Basic,47.01,2025-05-01,2026-04-01,canceled,monthly
1091,1003,Pro,246.32,2025-10-01,,active,monthly
1092,1004,Pro,225.46,2025-12-01,,active,monthly
1093,1005,Enterprise,1115.73,2026-02-01,,active,monthly
1094,1006,Enterprise,790.83,2025-01-01,2025-10-01,downgraded,monthly
1095,1006,Basic,52.02,2025-11-01,2026-10-01,canceled,monthly
1096,1007,Pro,200.87,2025-04-01,,active,monthly
1097,1008,Pro,205.63,2025-05-01,2025-09-01,canceled,monthly
1098,1009,Pro,219.64,2024-12-01,,active,monthly
1099,1010,Basic,54.67,2026-01-01,,active,monthly
1100,1011,Pro,255.96,2024-12-01,2025-12-01,downgraded,monthly
1101,1011,Basic,52.83,2026-01-01,2026-09-01,canceled,monthly
1102,1012,Pro,225.57,2025-05-01,,active,monthly
1103,1013,Pro,229.13,2025-03-01,,active,monthly
1104,1014,Basic,58.14,2025-12-01,2026-05-01,canceled,monthly
1105,1015,Basic,53.94,2025-06-01,2026-06-01,canceled,monthly
1106,1016,Enterprise,1108.93,2025-04-01,2025-05-01,canceled,monthly
1107,1017,Pro,192.76,2025-05-01,2025-12-01,canceled,monthly
1108,1018,Basic,60.44,2025-02-01,2026-07-01,canceled,monthly
1109,1019,Pro,249.53,2025-08-01,,active,monthly
1110,1020,Basic,43.27,2025-01-01,2025-10-01,canceled,monthly
1111,1021,Pro,205.58,2025-09-01,2025-12-01,canceled,monthly
1112,1022,Basic,56.04,2025-03-01,2025-12-01,upgraded,monthly
1113,1022,Enterprise,1046.7,2026-01-01,2026-02-01,canceled,monthly
1114,1023,Pro,196.35,2025-04-01,,active,monthly
1115,1024,Enterprise,961.69,2025-08-01,,active,monthly
1116,1025,Pro,213.31,2024-11-01,2025-10-01,canceled,monthly
1117,1026,Basic,46.32,2025-02-01,2025-04-01,canceled,monthly
1118,1027,Pro,242.44,2025-05-01,2025-12-01,canceled,monthly
1119,1028,Pro,249.49,2025-07-01,,active,monthly
1120,1029,Enterprise,924.57,2025-07-01,2026-04-01,downgraded,monthly
1121,1029,Basic,60.62,2026-05-01,2026-07-01,canceled,monthly
1122,1030,Basic,61.36,2025-01-01,,active,monthly
1123,1031,Basic,46.98,2025-04-01,2026-04-01,canceled,monthly
1124,1032,Basic,53.51,2025-02-01,,active,monthly
1125,1033,Basic,46.45,2025-04-01,2026-04-01,canceled,monthly
1126,1034,Pro,193.49,2025-10-01,,active,monthly
1127,1035,Basic,56.08,2025-08-01,2026-01-01,canceled,monthly
1128,1036,Pro,247.27,2025-10-01,2026-01-01,downgraded,monthly
1129,1036,Basic,48.49,2026-02-01,2026-08-01,canceled,monthly
1130,1037,Pro,208.37,2025-05-01,2025-09-01,canceled,monthly
1131,1038,Basic,50.95,2025-01-01,2025-07-01,canceled,monthly
1132,1039,Pro,236.55,2025-05-01,,active,monthly
1133,1040,Enterprise,953.8,2025-06-01,,active,monthly
1134,1041,Basic,61.58,2025-03-01,2025-06-01,canceled,monthly
1135,1042,Basic,52.41,2025-01-01,2025-08-01,canceled,monthly
1136,1043,Basic,60.18,2025-01-01,2025-12-01,canceled,monthly
1137,1044,Pro,182.39,2025-11-01,2026-02-01,canceled,monthly
1138,1045,Pro,172.27,2025-06-01,,active,monthly
1139,1046,Basic,59.37,2025-06-01,,active,monthly
1140,1047,Pro,199.75,2025-01-01,,active,monthly
1141,1048,Basic,59.3,2025-01-01,2026-07-01,canceled,monthly
1142,1049,Basic,61.17,2025-07-01,,active,monthly
1143,1050,Pro,248.99,2026-02-01,,active,monthly
1144,1051,Pro,213.97,2025-01-01,2025-06-01,downgraded,monthly
1145,1051,Basic,59.39,2025-07-01,,active,monthly
1146,1052,Basic,57.08,2025-03-01,,active,monthly
1147,1053,Pro,258.51,2025-08-01,2026-07-01,canceled,monthly
1148,1054,Enterprise,1049.46,2025-08-01,2026-03-01,downgraded,monthly
1149,1054,Pro,250.3,2026-04-01,,active,monthly
1150,1055,Basic,57.62,2024-11-01,2024-12-01,canceled,monthly
1151,1056,Basic,49.0,2025-05-01,,active,monthly
1152,1057,Basic,46.62,2025-03-01,2025-06-01,upgraded,monthly
1153,1057,Pro,210.93,2025-07-01,,active,monthly
1154,1058,Basic,55.25,2025-04-01,2026-01-01,canceled,monthly
1155,1059,Pro,222.76,2025-03-01,2025-12-01,canceled,monthly
1156,1060,Pro,248.39,2025-12-01,,active,monthly
1157,1061,Pro,242.61,2024-12-01,2025-06-01,canceled,monthly
1158,1062,Basic,51.57,2025-12-01,2026-02-01,canceled,monthly
1159,1063,Basic,54.88,2024-12-01,2025-07-01,canceled,monthly
1160,1064,Enterprise,933.86,2025-06-01,,active,monthly
1161,1065,Basic,44.42,2025-02-01,2025-10-01,upgraded,monthly
1162,1065,Pro,222.58,2025-11-01,2026-08-01,downgraded,monthly
1163,1065,Basic,50.55,2026-09-01,2026-12-01,canceled,monthly
1164,1066,Basic,60.08,2024-10-01,2026-07-01,canceled,monthly
1165,1067,Pro,182.86,2025-04-01,2026-06-01,canceled,monthly
1166,1068,Pro,220.63,2025-09-01,,active,monthly
1167,1069,Basic,54.78,2025-01-01,2025-10-01,canceled,monthly
1168,1070,Enterprise,1099.0,2025-11-01,,active,monthly
1169,1071,Basic,43.18,2025-09-01,,active,monthly
1170,1072,Enterprise,1086.84,2025-08-01,2025-12-01,canceled,monthly
1171,1073,Enterprise,825.07,2025-07-01,,active,monthly
1172,1074,Pro,202.38,2026-01-01,,active,monthly
1173,1075,Pro,256.06,2025-06-01,2025-08-01,canceled,monthly
1174,1076,Basic,41.76,2025-08-01,2025-12-01,canceled,monthly
1175,1077,Basic,51.74,2025-05-01,2025-07-01,upgraded,monthly
1176,1077,Pro,213.56,2025-08-01,,active,monthly
1177,1078,Basic,59.35,2025-06-01,,active,monthly
1178,1079,Pro,249.8,2026-01-01,,active,monthly
1179,1080,Enterprise,1008.66,2025-08-01,,active,monthly
1180,1081,Basic,62.57,2024-12-01,2025-02-01,upgraded,monthly
1181,1081,Pro,182.85,2025-03-01,2026-01-01,canceled,monthly
1182,1082,Pro,202.84,2025-01-01,2025-02-01,canceled,monthly
1183,1083,Basic,63.19,2025-02-01,,active,monthly
1184,1084,Pro,207.53,2025-08-01,2026-02-01,canceled,monthly
1185,1085,Basic,59.39,2024-11-01,2025-05-01,canceled,monthly
1186,1086,Basic,57.97,2025-01-01,2026-04-01,canceled,monthly
1187,1087,Enterprise,1133.73,2026-04-01,2026-08-01,canceled,monthly
1188,1088,Basic,60.64,2026-01-01,,active,monthly
1189,1089,Basic,59.53,2025-05-01,2026-07-01,canceled,monthly
1190,1090,Basic,51.17,2025-03-01,,active,monthly
1191,1091,Basic,43.42,2025-07-01,,active,monthly
1192,1092,Pro,210.68,2025-11-01,,active,monthly
1193,1093,Basic,58.43,2025-07-01,2025-11-01,canceled,monthly
1194,1094,Pro,186.79,2026-06-01,,active,monthly
1195,1095,Enterprise,1018.31,2026-03-01,,active,monthly
1196,1096,Basic,52.49,2026-03-01,2026-06-01,canceled,monthly
1197,1097,Enterprise,962.85,2025-03-01,,active,monthly
1198,1098,Basic,62.38,2025-07-01,2025-10-01,canceled,monthly
1199,1099,Basic,62.26,2025-11-01,,active,monthly
1200,1100,Pro,241.19,2025-11-01,,active,monthly
1201,1101,Pro,171.3,2025-02-01,2026-01-01,canceled,monthly
1202,1102,Basic,47.4,2026-05-01,2026-06-01,canceled,monthly
1203,1103,Pro,215.97,2025-10-01,2026-04-01,downgraded,monthly
1204,1103,Basic,55.58,2026-05-01,,active,monthly
1205,1104,Basic,59.41,2025-05-01,2025-09-01,canceled,monthly
1206,1105,Pro,248.77,2025-12-01,,active,monthly
1207,1106,Pro,179.1,2025-01-01,,active,monthly
1208,1107,Basic,51.68,2025-04-01,,active,monthly
1209,1108,Basic,45.1,2024-10-01,,active,monthly
1210,1109,Pro,224.9,2025-09-01,,active,monthly
1211,1110,Pro,221.54,2025-07-01,,active,monthly
1212,1111,Basic,44.09,2025-12-01,,active,monthly
1213,1112,Basic,42.17,2025-04-01,2026-03-01,canceled,monthly
1214,1113,Basic,60.18,2025-06-01,2025-08-01,canceled,monthly
1215,1114,Basic,42.95,2025-06-01,,active,monthly
1216,1115,Basic,50.28,2026-01-01,,active,monthly
1217,1116,Basic,63.08,2025-01-01,,active,monthly
1218,1117,Basic,60.06,2025-05-01,,active,monthly
1219,1118,Enterprise,952.49,2025-09-01,2026-07-01,canceled,monthly
1220,1119,Pro,177.17,2026-04-01,,active,monthly
1221,1120,Enterprise,970.69,2025-02-01,2025-04-01,downgraded,monthly
1222,1120,Pro,177.27,2025-05-01,2025-12-01,canceled,monthly
1223,1121,Enterprise,996.85,2025-10-01,2026-03-01,downgraded,monthly
1224,1121,Pro,222.66,2026-04-01,,active,monthly
1225,1122,Pro,253.55,2025-04-01,2026-05-01,canceled,monthly
1226,1123,Basic,52.43,2025-03-01,2025-06-01,canceled,monthly
1227,1124,Enterprise,968.83,2025-08-01,,active,monthly
1228,1125,Pro,200.12,2025-10-01,,active,monthly
1229,1126,Pro,249.81,2025-10-01,,active,monthly
1230,1127,Basic,42.32,2025-04-01,2025-06-01,canceled,monthly
1231,1128,Basic,60.16,2025-10-01,,active,monthly
1232,1129,Pro,204.11,2024-11-01,2025-09-01,canceled,monthly
1233,1130,Basic,48.99,2026-03-01,,active,monthly
1234,1131,Enterprise,896.85,2025-07-01,,active,monthly
1235,1132,Basic,59.96,2024-12-01,2025-01-01,canceled,monthly
1236,1133,Basic,58.36,2025-05-01,2026-01-01,canceled,monthly
1237,1134,Pro,235.7,2025-01-01,2025-11-01,canceled,monthly
1238,1135,Basic,41.88,2025-07-01,,active,monthly
1239,1136,Pro,232.4,2025-01-01,,active,monthly
1240,1137,Basic,53.17,2025-05-01,,active,monthly
1241,1138,Basic,51.02,2025-09-01,2026-02-01,upgraded,monthly
1242,1138,Enterprise,887.97,2026-03-01,,active,monthly
1243,1139,Pro,214.8,2025-10-01,2026-07-01,canceled,monthly
1244,1140,Basic,56.7,2025-01-01,2026-03-01,canceled,monthly
1245,1141,Basic,52.43,2025-05-01,,active,monthly
1246,1142,Enterprise,980.48,2025-11-01,2026-07-01,downgraded,monthly
1247,1142,Basic,51.73,2026-08-01,,active,monthly
1248,1143,Enterprise,1161.91,2025-06-01,2025-08-01,canceled,monthly
1249,1144,Basic,59.74,2025-11-01,2026-01-01,canceled,monthly
1250,1145,Pro,194.49,2025-06-01,,active,monthly
1251,1146,Basic,61.35,2025-01-01,2026-08-01,canceled,monthly
1252,1147,Basic,45.57,2025-02-01,2026-04-01,canceled,monthly
1253,1148,Enterprise,1026.89,2025-06-01,2026-03-01,downgraded,monthly
1254,1148,Pro,250.05,2026-04-01,2027-05-01,downgraded,monthly
1255,1148,Basic,42.59,2027-06-01,2027-10-01,canceled,monthly
1256,1149,Basic,63.3,2025-04-01,2025-07-01,canceled,monthly
1257,1150,Pro,254.57,2025-09-01,,active,monthly
1258,1151,Basic,45.04,2025-04-01,2026-01-01,upgraded,monthly
1259,1151,Pro,176.12,2026-02-01,2026-11-01,downgraded,monthly
1260,1151,Basic,60.72,2026-12-01,,active,monthly
1261,1152,Basic,61.36,2025-04-01,,active,monthly
1262,1153,Basic,54.68,2025-01-01,,active,monthly
1263,1154,Enterprise,1124.16,2025-03-01,2026-01-01,canceled,monthly
1264,1155,Pro,171.48,2025-03-01,,active,monthly
1265,1156,Pro,236.2,2025-01-01,,active,monthly
1266,1157,Pro,244.85,2025-06-01,,active,monthly
1267,1158,Basic,52.35,2025-08-01,2025-10-01,canceled,monthly
1268,1159,Basic,55.36,2025-01-01,2025-02-01,canceled,monthly
1269,1160,Basic,60.93,2025-07-01,,active,monthly
1270,1161,Basic,43.76,2024-11-01,2025-01-01,canceled,monthly
1271,1162,Basic,47.74,2025-01-01,2025-04-01,canceled,monthly
1272,1163,Pro,217.83,2025-03-01,2025-12-01,canceled,monthly
1273,1164,Basic,61.49,2025-06-01,,active,monthly
1274,1165,Basic,61.15,2025-02-01,2025-12-01,canceled,monthly
1275,1166,Basic,51.08,2024-10-01,2025-01-01,canceled,monthly
1276,1167,Pro,236.25,2025-01-01,2025-03-01,canceled,monthly
1277,1168,Basic,57.52,2025-08-01,2026-01-01,canceled,monthly
1278,1169,Basic,60.71,2025-02-01,,active,monthly
1279,1170,Pro,211.42,2024-12-01,2025-06-01,canceled,monthly
1280,1171,Basic,56.78,2025-04-01,2025-12-01,canceled,monthly
1281,1172,Pro,228.46,2025-10-01,,active,monthly
1282,1173,Pro,234.11,2025-04-01,2026-06-01,downgraded,monthly
1283,1173,Basic,48.97,2026-07-01,2027-02-01,canceled,monthly
1284,1174,Basic,57.2,2025-01-01,2026-05-01,canceled,monthly
1285,1175,Pro,240.39,2025-10-01,,active,monthly
1286,1176,Basic,63.07,2025-04-01,2025-08-01,upgraded,monthly
1287,1176,Pro,205.5,2025-09-01,2026-06-01,canceled,monthly
1288,1177,Pro,172.47,2025-12-01,,active,monthly
1289,1178,Basic,55.81,2025-10-01,2026-04-01,canceled,monthly
1290,1179,Pro,239.08,2025-09-01,,active,monthly
1291,1180,Pro,223.76,2025-04-01,2025-07-01,downgraded,monthly
1292,1180,Basic,50.83,2025-08-01,2026-02-01,canceled,monthly
1293,1181,Pro,184.46,2025-11-01,,active,monthly
1294,1182,Pro,235.79,2025-11-01,,active,monthly
1295,1183,Pro,239.72,2025-03-01,2025-12-01,canceled,monthly
1296,1184,Basic,53.9,2025-03-01,2025-12-01,canceled,monthly
1297,1185,Basic,53.15,2025-11-01,,active,monthly
1298,1186,Basic,51.04,2025-12-01,,active,monthly
1299,1187,Basic,54.76,2025-01-01,,active,monthly
1300,1188,Basic,61.09,2025-04-01,2025-06-01,upgraded,monthly
1301,1188,Pro,204.18,2025-07-01,2026-01-01,canceled,monthly
1302,1189,Basic,51.44,2025-10-01,,active,monthly
1303,1190,Basic,62.45,2025-04-01,2026-04-01,canceled,monthly
1304,1191,Pro,188.28,2025-04-01,2025-10-01,downgraded,monthly
1305,1191,Basic,48.56,2025-11-01,2025-11-01,canceled,monthly
1306,1192,Pro,172.93,2025-09-01,,active,monthly
1307,1193,Pro,250.55,2025-07-01,,active,monthly
1308,1194,Pro,200.6,2026-02-01,,active,monthly
1309,1195,Basic,42.24,2024-11-01,,active,monthly
1310,1196,Basic,46.79,2025-02-01,,active,monthly
1311,1197,Basic,50.88,2025-03-01,,active,monthly
1312,1198,Pro,207.13,2025-03-01,,active,monthly
1313,1199,Basic,47.2,2024-10-01,2025-04-01,canceled,monthly
1314,1200,Basic,42.06,2025-06-01,2025-12-01,canceled,monthly
1315,1201,Basic,51.22,2025-09-01,2026-01-01,upgraded,monthly
1316,1201,Pro,231.16,2026-02-01,2026-02-01,canceled,monthly
1317,1202,Pro,194.96,2026-04-01,2026-07-01,canceled,monthly
1318,1203,Enterprise,1100.97,2025-11-01,,active,monthly
1319,1204,Enterprise,839.48,2025-11-01,,active,monthly
1320,1205,Pro,209.18,2025-06-01,2025-08-01,canceled,monthly
1321,1206,Basic,59.93,2025-10-01,2025-12-01,upgraded,monthly
1322,1206,Enterprise,834.2,2026-01-01,2026-02-01,canceled,monthly
1323,1207,Pro,256.47,2025-03-01,,active,monthly
1324,1208,Basic,63.59,2026-01-01,,active,monthly
1325,1209,Pro,195.6,2025-08-01,2026-06-01,canceled,monthly
1326,1210,Basic,53.45,2025-09-01,2026-01-01,canceled,monthly
1327,1211,Pro,233.98,2025-07-01,,active,monthly
1328,1212,Pro,213.55,2025-10-01,,active,monthly
1329,1213,Basic,57.26,2025-07-01,2025-08-01,canceled,monthly
1330,1214,Pro,254.28,2025-05-01,,active,monthly
1331,1215,Basic,44.5,2025-07-01,,active,monthly
1332,1216,Basic,51.74,2025-07-01,2025-09-01,canceled,monthly
1333,1217,Basic,59.18,2024-11-01,2024-12-01,canceled,monthly
1334,1218,Basic,44.81,2026-02-01,,active,monthly
